"ProductKey","ProductID","Name","Color","Size","Weight","Style","ModelName","CategoryName","SubCategoryName","StandardCost","ListPrice","WarrantyPeriod","NoOfYears","ModifiedDate"
1,1,"Adjustable Race",NULL,NULL,NULL,NULL,NULL,NULL,NULL,"0.0000","0.0000",NULL,NULL,"2014-02-08 10:01:36.827"
2,2,"Bearing Ball",NULL,NULL,NULL,NULL,NULL,NULL,NULL,"0.0000","0.0000",NULL,NULL,"2014-02-08 10:01:36.827"
3,3,"BB Ball Bearing",NULL,NULL,NULL,NULL,NULL,NULL,NULL,"0.0000","0.0000",NULL,NULL,"2014-02-08 10:01:36.827"
4,4,"Headset Ball Bearings",NULL,NULL,NULL,NULL,NULL,NULL,NULL,"0.0000","0.0000",NULL,NULL,"2014-02-08 10:01:36.827"
5,316,"Blade",NULL,NULL,NULL,NULL,NULL,NULL,NULL,"0.0000","0.0000",NULL,NULL,"2014-02-08 10:01:36.827"
6,317,"LL Crankarm","Black",NULL,NULL,NULL,NULL,NULL,NULL,"0.0000","0.0000",NULL,NULL,"2014-02-08 10:01:36.827"
7,318,"ML Crankarm","Black",NULL,NULL,NULL,NULL,NULL,NULL,"0.0000","0.0000",NULL,NULL,"2014-02-08 10:01:36.827"
8,319,"HL Crankarm","Black",NULL,NULL,NULL,NULL,NULL,NULL,"0.0000","0.0000",NULL,NULL,"2014-02-08 10:01:36.827"
9,320,"Chainring Bolts","Silver",NULL,NULL,NULL,NULL,NULL,NULL,"0.0000","0.0000",NULL,NULL,"2014-02-08 10:01:36.827"
10,321,"Chainring Nut","Silver",NULL,NULL,NULL,NULL,NULL,NULL,"0.0000","0.0000",NULL,NULL,"2014-02-08 10:01:36.827"
11,322,"Chainring","Black",NULL,NULL,NULL,NULL,NULL,NULL,"0.0000","0.0000",NULL,NULL,"2014-02-08 10:01:36.827"
12,323,"Crown Race",NULL,NULL,NULL,NULL,NULL,NULL,NULL,"0.0000","0.0000",NULL,NULL,"2014-02-08 10:01:36.827"
13,324,"Chain Stays",NULL,NULL,NULL,NULL,NULL,NULL,NULL,"0.0000","0.0000",NULL,NULL,"2014-02-08 10:01:36.827"
14,325,"Decal 1",NULL,NULL,NULL,NULL,NULL,NULL,NULL,"0.0000","0.0000",NULL,NULL,"2014-02-08 10:01:36.827"
15,326,"Decal 2",NULL,NULL,NULL,NULL,NULL,NULL,NULL,"0.0000","0.0000",NULL,NULL,"2014-02-08 10:01:36.827"
16,327,"Down Tube",NULL,NULL,NULL,NULL,NULL,NULL,NULL,"0.0000","0.0000",NULL,NULL,"2014-02-08 10:01:36.827"
17,328,"Mountain End Caps",NULL,NULL,NULL,NULL,NULL,NULL,NULL,"0.0000","0.0000",NULL,NULL,"2014-02-08 10:01:36.827"
18,329,"Road End Caps",NULL,NULL,NULL,NULL,NULL,NULL,NULL,"0.0000","0.0000",NULL,NULL,"2014-02-08 10:01:36.827"
19,330,"Touring End Caps",NULL,NULL,NULL,NULL,NULL,NULL,NULL,"0.0000","0.0000",NULL,NULL,"2014-02-08 10:01:36.827"
20,331,"Fork End",NULL,NULL,NULL,NULL,NULL,NULL,NULL,"0.0000","0.0000",NULL,NULL,"2014-02-08 10:01:36.827"
21,332,"Freewheel","Silver",NULL,NULL,NULL,NULL,NULL,NULL,"0.0000","0.0000",NULL,NULL,"2014-02-08 10:01:36.827"
22,341,"Flat Washer 1",NULL,NULL,NULL,NULL,NULL,NULL,NULL,"0.0000","0.0000",NULL,NULL,"2014-02-08 10:01:36.827"
23,342,"Flat Washer 6",NULL,NULL,NULL,NULL,NULL,NULL,NULL,"0.0000","0.0000",NULL,NULL,"2014-02-08 10:01:36.827"
24,343,"Flat Washer 2",NULL,NULL,NULL,NULL,NULL,NULL,NULL,"0.0000","0.0000",NULL,NULL,"2014-02-08 10:01:36.827"
25,344,"Flat Washer 9",NULL,NULL,NULL,NULL,NULL,NULL,NULL,"0.0000","0.0000",NULL,NULL,"2014-02-08 10:01:36.827"
26,345,"Flat Washer 4",NULL,NULL,NULL,NULL,NULL,NULL,NULL,"0.0000","0.0000",NULL,NULL,"2014-02-08 10:01:36.827"
27,346,"Flat Washer 3",NULL,NULL,NULL,NULL,NULL,NULL,NULL,"0.0000","0.0000",NULL,NULL,"2014-02-08 10:01:36.827"
28,347,"Flat Washer 8",NULL,NULL,NULL,NULL,NULL,NULL,NULL,"0.0000","0.0000",NULL,NULL,"2014-02-08 10:01:36.827"
29,348,"Flat Washer 5",NULL,NULL,NULL,NULL,NULL,NULL,NULL,"0.0000","0.0000",NULL,NULL,"2014-02-08 10:01:36.827"
30,349,"Flat Washer 7",NULL,NULL,NULL,NULL,NULL,NULL,NULL,"0.0000","0.0000",NULL,NULL,"2014-02-08 10:01:36.827"
31,350,"Fork Crown",NULL,NULL,NULL,NULL,NULL,NULL,NULL,"0.0000","0.0000",NULL,NULL,"2014-02-08 10:01:36.827"
32,351,"Front Derailleur Cage","Silver",NULL,NULL,NULL,NULL,NULL,NULL,"0.0000","0.0000",NULL,NULL,"2014-02-08 10:01:36.827"
33,352,"Front Derailleur Linkage","Silver",NULL,NULL,NULL,NULL,NULL,NULL,"0.0000","0.0000",NULL,NULL,"2014-02-08 10:01:36.827"
34,355,"Guide Pulley",NULL,NULL,NULL,NULL,NULL,NULL,NULL,"0.0000","0.0000",NULL,NULL,"2014-02-08 10:01:36.827"
35,356,"LL Grip Tape",NULL,NULL,NULL,NULL,NULL,NULL,NULL,"0.0000","0.0000",NULL,NULL,"2014-02-08 10:01:36.827"
36,357,"ML Grip Tape",NULL,NULL,NULL,NULL,NULL,NULL,NULL,"0.0000","0.0000",NULL,NULL,"2014-02-08 10:01:36.827"
37,358,"HL Grip Tape",NULL,NULL,NULL,NULL,NULL,NULL,NULL,"0.0000","0.0000",NULL,NULL,"2014-02-08 10:01:36.827"
38,359,"Thin-Jam Hex Nut 9",NULL,NULL,NULL,NULL,NULL,NULL,NULL,"0.0000","0.0000",NULL,NULL,"2014-02-08 10:01:36.827"
39,360,"Thin-Jam Hex Nut 10",NULL,NULL,NULL,NULL,NULL,NULL,NULL,"0.0000","0.0000",NULL,NULL,"2014-02-08 10:01:36.827"
40,361,"Thin-Jam Hex Nut 1",NULL,NULL,NULL,NULL,NULL,NULL,NULL,"0.0000","0.0000",NULL,NULL,"2014-02-08 10:01:36.827"
41,362,"Thin-Jam Hex Nut 2",NULL,NULL,NULL,NULL,NULL,NULL,NULL,"0.0000","0.0000",NULL,NULL,"2014-02-08 10:01:36.827"
42,363,"Thin-Jam Hex Nut 15",NULL,NULL,NULL,NULL,NULL,NULL,NULL,"0.0000","0.0000",NULL,NULL,"2014-02-08 10:01:36.827"
43,364,"Thin-Jam Hex Nut 16",NULL,NULL,NULL,NULL,NULL,NULL,NULL,"0.0000","0.0000",NULL,NULL,"2014-02-08 10:01:36.827"
44,365,"Thin-Jam Hex Nut 5",NULL,NULL,NULL,NULL,NULL,NULL,NULL,"0.0000","0.0000",NULL,NULL,"2014-02-08 10:01:36.827"
45,366,"Thin-Jam Hex Nut 6",NULL,NULL,NULL,NULL,NULL,NULL,NULL,"0.0000","0.0000",NULL,NULL,"2014-02-08 10:01:36.827"
46,367,"Thin-Jam Hex Nut 3",NULL,NULL,NULL,NULL,NULL,NULL,NULL,"0.0000","0.0000",NULL,NULL,"2014-02-08 10:01:36.827"
47,368,"Thin-Jam Hex Nut 4",NULL,NULL,NULL,NULL,NULL,NULL,NULL,"0.0000","0.0000",NULL,NULL,"2014-02-08 10:01:36.827"
48,369,"Thin-Jam Hex Nut 13",NULL,NULL,NULL,NULL,NULL,NULL,NULL,"0.0000","0.0000",NULL,NULL,"2014-02-08 10:01:36.827"
49,370,"Thin-Jam Hex Nut 14",NULL,NULL,NULL,NULL,NULL,NULL,NULL,"0.0000","0.0000",NULL,NULL,"2014-02-08 10:01:36.827"
50,371,"Thin-Jam Hex Nut 7",NULL,NULL,NULL,NULL,NULL,NULL,NULL,"0.0000","0.0000",NULL,NULL,"2014-02-08 10:01:36.827"
51,372,"Thin-Jam Hex Nut 8",NULL,NULL,NULL,NULL,NULL,NULL,NULL,"0.0000","0.0000",NULL,NULL,"2014-02-08 10:01:36.827"
52,373,"Thin-Jam Hex Nut 12",NULL,NULL,NULL,NULL,NULL,NULL,NULL,"0.0000","0.0000",NULL,NULL,"2014-02-08 10:01:36.827"
53,374,"Thin-Jam Hex Nut 11",NULL,NULL,NULL,NULL,NULL,NULL,NULL,"0.0000","0.0000",NULL,NULL,"2014-02-08 10:01:36.827"
54,375,"Hex Nut 5",NULL,NULL,NULL,NULL,NULL,NULL,NULL,"0.0000","0.0000",NULL,NULL,"2014-02-08 10:01:36.827"
55,376,"Hex Nut 6",NULL,NULL,NULL,NULL,NULL,NULL,NULL,"0.0000","0.0000",NULL,NULL,"2014-02-08 10:01:36.827"
56,377,"Hex Nut 16",NULL,NULL,NULL,NULL,NULL,NULL,NULL,"0.0000","0.0000",NULL,NULL,"2014-02-08 10:01:36.827"
57,378,"Hex Nut 17",NULL,NULL,NULL,NULL,NULL,NULL,NULL,"0.0000","0.0000",NULL,NULL,"2014-02-08 10:01:36.827"
58,379,"Hex Nut 7",NULL,NULL,NULL,NULL,NULL,NULL,NULL,"0.0000","0.0000",NULL,NULL,"2014-02-08 10:01:36.827"
59,380,"Hex Nut 8",NULL,NULL,NULL,NULL,NULL,NULL,NULL,"0.0000","0.0000",NULL,NULL,"2014-02-08 10:01:36.827"
60,381,"Hex Nut 9",NULL,NULL,NULL,NULL,NULL,NULL,NULL,"0.0000","0.0000",NULL,NULL,"2014-02-08 10:01:36.827"
61,382,"Hex Nut 22",NULL,NULL,NULL,NULL,NULL,NULL,NULL,"0.0000","0.0000",NULL,NULL,"2014-02-08 10:01:36.827"
62,383,"Hex Nut 23",NULL,NULL,NULL,NULL,NULL,NULL,NULL,"0.0000","0.0000",NULL,NULL,"2014-02-08 10:01:36.827"
63,384,"Hex Nut 12",NULL,NULL,NULL,NULL,NULL,NULL,NULL,"0.0000","0.0000",NULL,NULL,"2014-02-08 10:01:36.827"
64,385,"Hex Nut 13",NULL,NULL,NULL,NULL,NULL,NULL,NULL,"0.0000","0.0000",NULL,NULL,"2014-02-08 10:01:36.827"
65,386,"Hex Nut 1",NULL,NULL,NULL,NULL,NULL,NULL,NULL,"0.0000","0.0000",NULL,NULL,"2014-02-08 10:01:36.827"
66,387,"Hex Nut 10",NULL,NULL,NULL,NULL,NULL,NULL,NULL,"0.0000","0.0000",NULL,NULL,"2014-02-08 10:01:36.827"
67,388,"Hex Nut 11",NULL,NULL,NULL,NULL,NULL,NULL,NULL,"0.0000","0.0000",NULL,NULL,"2014-02-08 10:01:36.827"
68,389,"Hex Nut 2",NULL,NULL,NULL,NULL,NULL,NULL,NULL,"0.0000","0.0000",NULL,NULL,"2014-02-08 10:01:36.827"
69,390,"Hex Nut 20",NULL,NULL,NULL,NULL,NULL,NULL,NULL,"0.0000","0.0000",NULL,NULL,"2014-02-08 10:01:36.827"
70,391,"Hex Nut 21",NULL,NULL,NULL,NULL,NULL,NULL,NULL,"0.0000","0.0000",NULL,NULL,"2014-02-08 10:01:36.827"
71,392,"Hex Nut 3",NULL,NULL,NULL,NULL,NULL,NULL,NULL,"0.0000","0.0000",NULL,NULL,"2014-02-08 10:01:36.827"
72,393,"Hex Nut 14",NULL,NULL,NULL,NULL,NULL,NULL,NULL,"0.0000","0.0000",NULL,NULL,"2014-02-08 10:01:36.827"
73,394,"Hex Nut 15",NULL,NULL,NULL,NULL,NULL,NULL,NULL,"0.0000","0.0000",NULL,NULL,"2014-02-08 10:01:36.827"
74,395,"Hex Nut 4",NULL,NULL,NULL,NULL,NULL,NULL,NULL,"0.0000","0.0000",NULL,NULL,"2014-02-08 10:01:36.827"
75,396,"Hex Nut 18",NULL,NULL,NULL,NULL,NULL,NULL,NULL,"0.0000","0.0000",NULL,NULL,"2014-02-08 10:01:36.827"
76,397,"Hex Nut 19",NULL,NULL,NULL,NULL,NULL,NULL,NULL,"0.0000","0.0000",NULL,NULL,"2014-02-08 10:01:36.827"
77,398,"Handlebar Tube",NULL,NULL,NULL,NULL,NULL,NULL,NULL,"0.0000","0.0000",NULL,NULL,"2014-02-08 10:01:36.827"
78,399,"Head Tube",NULL,NULL,NULL,NULL,NULL,NULL,NULL,"0.0000","0.0000",NULL,NULL,"2014-02-08 10:01:36.827"
79,400,"LL Hub",NULL,NULL,NULL,NULL,NULL,NULL,NULL,"0.0000","0.0000",NULL,NULL,"2014-02-08 10:01:36.827"
80,401,"HL Hub",NULL,NULL,NULL,NULL,NULL,NULL,NULL,"0.0000","0.0000",NULL,NULL,"2014-02-08 10:01:36.827"
81,402,"Keyed Washer",NULL,NULL,NULL,NULL,NULL,NULL,NULL,"0.0000","0.0000",NULL,NULL,"2014-02-08 10:01:36.827"
82,403,"External Lock Washer 3",NULL,NULL,NULL,NULL,NULL,NULL,NULL,"0.0000","0.0000",NULL,NULL,"2014-02-08 10:01:36.827"
83,404,"External Lock Washer 4",NULL,NULL,NULL,NULL,NULL,NULL,NULL,"0.0000","0.0000",NULL,NULL,"2014-02-08 10:01:36.827"
84,405,"External Lock Washer 9",NULL,NULL,NULL,NULL,NULL,NULL,NULL,"0.0000","0.0000",NULL,NULL,"2014-02-08 10:01:36.827"
85,406,"External Lock Washer 5",NULL,NULL,NULL,NULL,NULL,NULL,NULL,"0.0000","0.0000",NULL,NULL,"2014-02-08 10:01:36.827"
86,407,"External Lock Washer 7",NULL,NULL,NULL,NULL,NULL,NULL,NULL,"0.0000","0.0000",NULL,NULL,"2014-02-08 10:01:36.827"
87,408,"External Lock Washer 6",NULL,NULL,NULL,NULL,NULL,NULL,NULL,"0.0000","0.0000",NULL,NULL,"2014-02-08 10:01:36.827"
88,409,"External Lock Washer 1",NULL,NULL,NULL,NULL,NULL,NULL,NULL,"0.0000","0.0000",NULL,NULL,"2014-02-08 10:01:36.827"
89,410,"External Lock Washer 8",NULL,NULL,NULL,NULL,NULL,NULL,NULL,"0.0000","0.0000",NULL,NULL,"2014-02-08 10:01:36.827"
90,411,"External Lock Washer 2",NULL,NULL,NULL,NULL,NULL,NULL,NULL,"0.0000","0.0000",NULL,NULL,"2014-02-08 10:01:36.827"
91,412,"Internal Lock Washer 3",NULL,NULL,NULL,NULL,NULL,NULL,NULL,"0.0000","0.0000",NULL,NULL,"2014-02-08 10:01:36.827"
92,413,"Internal Lock Washer 4",NULL,NULL,NULL,NULL,NULL,NULL,NULL,"0.0000","0.0000",NULL,NULL,"2014-02-08 10:01:36.827"
93,414,"Internal Lock Washer 9",NULL,NULL,NULL,NULL,NULL,NULL,NULL,"0.0000","0.0000",NULL,NULL,"2014-02-08 10:01:36.827"
94,415,"Internal Lock Washer 5",NULL,NULL,NULL,NULL,NULL,NULL,NULL,"0.0000","0.0000",NULL,NULL,"2014-02-08 10:01:36.827"
95,416,"Internal Lock Washer 7",NULL,NULL,NULL,NULL,NULL,NULL,NULL,"0.0000","0.0000",NULL,NULL,"2014-02-08 10:01:36.827"
96,417,"Internal Lock Washer 6",NULL,NULL,NULL,NULL,NULL,NULL,NULL,"0.0000","0.0000",NULL,NULL,"2014-02-08 10:01:36.827"
97,418,"Internal Lock Washer 10",NULL,NULL,NULL,NULL,NULL,NULL,NULL,"0.0000","0.0000",NULL,NULL,"2014-02-08 10:01:36.827"
98,419,"Internal Lock Washer 1",NULL,NULL,NULL,NULL,NULL,NULL,NULL,"0.0000","0.0000",NULL,NULL,"2014-02-08 10:01:36.827"
99,420,"Internal Lock Washer 8",NULL,NULL,NULL,NULL,NULL,NULL,NULL,"0.0000","0.0000",NULL,NULL,"2014-02-08 10:01:36.827"
100,421,"Internal Lock Washer 2",NULL,NULL,NULL,NULL,NULL,NULL,NULL,"0.0000","0.0000",NULL,NULL,"2014-02-08 10:01:36.827"
101,422,"Thin-Jam Lock Nut 9",NULL,NULL,NULL,NULL,NULL,NULL,NULL,"0.0000","0.0000",NULL,NULL,"2014-02-08 10:01:36.827"
102,423,"Thin-Jam Lock Nut 10",NULL,NULL,NULL,NULL,NULL,NULL,NULL,"0.0000","0.0000",NULL,NULL,"2014-02-08 10:01:36.827"
103,424,"Thin-Jam Lock Nut 1",NULL,NULL,NULL,NULL,NULL,NULL,NULL,"0.0000","0.0000",NULL,NULL,"2014-02-08 10:01:36.827"
104,425,"Thin-Jam Lock Nut 2",NULL,NULL,NULL,NULL,NULL,NULL,NULL,"0.0000","0.0000",NULL,NULL,"2014-02-08 10:01:36.827"
105,426,"Thin-Jam Lock Nut 15",NULL,NULL,NULL,NULL,NULL,NULL,NULL,"0.0000","0.0000",NULL,NULL,"2014-02-08 10:01:36.827"
106,427,"Thin-Jam Lock Nut 16",NULL,NULL,NULL,NULL,NULL,NULL,NULL,"0.0000","0.0000",NULL,NULL,"2014-02-08 10:01:36.827"
107,428,"Thin-Jam Lock Nut 5",NULL,NULL,NULL,NULL,NULL,NULL,NULL,"0.0000","0.0000",NULL,NULL,"2014-02-08 10:01:36.827"
108,429,"Thin-Jam Lock Nut 6",NULL,NULL,NULL,NULL,NULL,NULL,NULL,"0.0000","0.0000",NULL,NULL,"2014-02-08 10:01:36.827"
109,430,"Thin-Jam Lock Nut 3",NULL,NULL,NULL,NULL,NULL,NULL,NULL,"0.0000","0.0000",NULL,NULL,"2014-02-08 10:01:36.827"
110,431,"Thin-Jam Lock Nut 4",NULL,NULL,NULL,NULL,NULL,NULL,NULL,"0.0000","0.0000",NULL,NULL,"2014-02-08 10:01:36.827"
111,432,"Thin-Jam Lock Nut 13",NULL,NULL,NULL,NULL,NULL,NULL,NULL,"0.0000","0.0000",NULL,NULL,"2014-02-08 10:01:36.827"
112,433,"Thin-Jam Lock Nut 14",NULL,NULL,NULL,NULL,NULL,NULL,NULL,"0.0000","0.0000",NULL,NULL,"2014-02-08 10:01:36.827"
113,434,"Thin-Jam Lock Nut 7",NULL,NULL,NULL,NULL,NULL,NULL,NULL,"0.0000","0.0000",NULL,NULL,"2014-02-08 10:01:36.827"
114,435,"Thin-Jam Lock Nut 8",NULL,NULL,NULL,NULL,NULL,NULL,NULL,"0.0000","0.0000",NULL,NULL,"2014-02-08 10:01:36.827"
115,436,"Thin-Jam Lock Nut 12",NULL,NULL,NULL,NULL,NULL,NULL,NULL,"0.0000","0.0000",NULL,NULL,"2014-02-08 10:01:36.827"
116,437,"Thin-Jam Lock Nut 11",NULL,NULL,NULL,NULL,NULL,NULL,NULL,"0.0000","0.0000",NULL,NULL,"2014-02-08 10:01:36.827"
117,438,"Lock Nut 5",NULL,NULL,NULL,NULL,NULL,NULL,NULL,"0.0000","0.0000",NULL,NULL,"2014-02-08 10:01:36.827"
118,439,"Lock Nut 6",NULL,NULL,NULL,NULL,NULL,NULL,NULL,"0.0000","0.0000",NULL,NULL,"2014-02-08 10:01:36.827"
119,440,"Lock Nut 16",NULL,NULL,NULL,NULL,NULL,NULL,NULL,"0.0000","0.0000",NULL,NULL,"2014-02-08 10:01:36.827"
120,441,"Lock Nut 17",NULL,NULL,NULL,NULL,NULL,NULL,NULL,"0.0000","0.0000",NULL,NULL,"2014-02-08 10:01:36.827"
121,442,"Lock Nut 7",NULL,NULL,NULL,NULL,NULL,NULL,NULL,"0.0000","0.0000",NULL,NULL,"2014-02-08 10:01:36.827"
122,443,"Lock Nut 8",NULL,NULL,NULL,NULL,NULL,NULL,NULL,"0.0000","0.0000",NULL,NULL,"2014-02-08 10:01:36.827"
123,444,"Lock Nut 9",NULL,NULL,NULL,NULL,NULL,NULL,NULL,"0.0000","0.0000",NULL,NULL,"2014-02-08 10:01:36.827"
124,445,"Lock Nut 22",NULL,NULL,NULL,NULL,NULL,NULL,NULL,"0.0000","0.0000",NULL,NULL,"2014-02-08 10:01:36.827"
125,446,"Lock Nut 23",NULL,NULL,NULL,NULL,NULL,NULL,NULL,"0.0000","0.0000",NULL,NULL,"2014-02-08 10:01:36.827"
126,447,"Lock Nut 12",NULL,NULL,NULL,NULL,NULL,NULL,NULL,"0.0000","0.0000",NULL,NULL,"2014-02-08 10:01:36.827"
127,448,"Lock Nut 13",NULL,NULL,NULL,NULL,NULL,NULL,NULL,"0.0000","0.0000",NULL,NULL,"2014-02-08 10:01:36.827"
128,449,"Lock Nut 1",NULL,NULL,NULL,NULL,NULL,NULL,NULL,"0.0000","0.0000",NULL,NULL,"2014-02-08 10:01:36.827"
129,450,"Lock Nut 10",NULL,NULL,NULL,NULL,NULL,NULL,NULL,"0.0000","0.0000",NULL,NULL,"2014-02-08 10:01:36.827"
130,451,"Lock Nut 11",NULL,NULL,NULL,NULL,NULL,NULL,NULL,"0.0000","0.0000",NULL,NULL,"2014-02-08 10:01:36.827"
131,452,"Lock Nut 2",NULL,NULL,NULL,NULL,NULL,NULL,NULL,"0.0000","0.0000",NULL,NULL,"2014-02-08 10:01:36.827"
132,453,"Lock Nut 20",NULL,NULL,NULL,NULL,NULL,NULL,NULL,"0.0000","0.0000",NULL,NULL,"2014-02-08 10:01:36.827"
133,454,"Lock Nut 21",NULL,NULL,NULL,NULL,NULL,NULL,NULL,"0.0000","0.0000",NULL,NULL,"2014-02-08 10:01:36.827"
134,455,"Lock Nut 3",NULL,NULL,NULL,NULL,NULL,NULL,NULL,"0.0000","0.0000",NULL,NULL,"2014-02-08 10:01:36.827"
135,456,"Lock Nut 14",NULL,NULL,NULL,NULL,NULL,NULL,NULL,"0.0000","0.0000",NULL,NULL,"2014-02-08 10:01:36.827"
136,457,"Lock Nut 15",NULL,NULL,NULL,NULL,NULL,NULL,NULL,"0.0000","0.0000",NULL,NULL,"2014-02-08 10:01:36.827"
137,458,"Lock Nut 4",NULL,NULL,NULL,NULL,NULL,NULL,NULL,"0.0000","0.0000",NULL,NULL,"2014-02-08 10:01:36.827"
138,459,"Lock Nut 19",NULL,NULL,NULL,NULL,NULL,NULL,NULL,"0.0000","0.0000",NULL,NULL,"2014-02-08 10:01:36.827"
139,460,"Lock Nut 18",NULL,NULL,NULL,NULL,NULL,NULL,NULL,"0.0000","0.0000",NULL,NULL,"2014-02-08 10:01:36.827"
140,461,"Lock Ring","Silver",NULL,NULL,NULL,NULL,NULL,NULL,"0.0000","0.0000",NULL,NULL,"2014-02-08 10:01:36.827"
141,462,"Lower Head Race",NULL,NULL,NULL,NULL,NULL,NULL,NULL,"0.0000","0.0000",NULL,NULL,"2014-02-08 10:01:36.827"
142,463,"Lock Washer 4",NULL,NULL,NULL,NULL,NULL,NULL,NULL,"0.0000","0.0000",NULL,NULL,"2014-02-08 10:01:36.827"
143,464,"Lock Washer 5",NULL,NULL,NULL,NULL,NULL,NULL,NULL,"0.0000","0.0000",NULL,NULL,"2014-02-08 10:01:36.827"
144,465,"Lock Washer 10",NULL,NULL,NULL,NULL,NULL,NULL,NULL,"0.0000","0.0000",NULL,NULL,"2014-02-08 10:01:36.827"
145,466,"Lock Washer 6",NULL,NULL,NULL,NULL,NULL,NULL,NULL,"0.0000","0.0000",NULL,NULL,"2014-02-08 10:01:36.827"
146,467,"Lock Washer 13",NULL,NULL,NULL,NULL,NULL,NULL,NULL,"0.0000","0.0000",NULL,NULL,"2014-02-08 10:01:36.827"
147,468,"Lock Washer 8",NULL,NULL,NULL,NULL,NULL,NULL,NULL,"0.0000","0.0000",NULL,NULL,"2014-02-08 10:01:36.827"
148,469,"Lock Washer 1",NULL,NULL,NULL,NULL,NULL,NULL,NULL,"0.0000","0.0000",NULL,NULL,"2014-02-08 10:01:36.827"
149,470,"Lock Washer 7",NULL,NULL,NULL,NULL,NULL,NULL,NULL,"0.0000","0.0000",NULL,NULL,"2014-02-08 10:01:36.827"
150,471,"Lock Washer 12",NULL,NULL,NULL,NULL,NULL,NULL,NULL,"0.0000","0.0000",NULL,NULL,"2014-02-08 10:01:36.827"
151,472,"Lock Washer 2",NULL,NULL,NULL,NULL,NULL,NULL,NULL,"0.0000","0.0000",NULL,NULL,"2014-02-08 10:01:36.827"
152,473,"Lock Washer 9",NULL,NULL,NULL,NULL,NULL,NULL,NULL,"0.0000","0.0000",NULL,NULL,"2014-02-08 10:01:36.827"
153,474,"Lock Washer 3",NULL,NULL,NULL,NULL,NULL,NULL,NULL,"0.0000","0.0000",NULL,NULL,"2014-02-08 10:01:36.827"
154,475,"Lock Washer 11",NULL,NULL,NULL,NULL,NULL,NULL,NULL,"0.0000","0.0000",NULL,NULL,"2014-02-08 10:01:36.827"
155,476,"Metal Angle",NULL,NULL,NULL,NULL,NULL,NULL,NULL,"0.0000","0.0000",NULL,NULL,"2014-02-08 10:01:36.827"
156,477,"Metal Bar 1",NULL,NULL,NULL,NULL,NULL,NULL,NULL,"0.0000","0.0000",NULL,NULL,"2014-02-08 10:01:36.827"
157,478,"Metal Bar 2",NULL,NULL,NULL,NULL,NULL,NULL,NULL,"0.0000","0.0000",NULL,NULL,"2014-02-08 10:01:36.827"
158,479,"Metal Plate 2",NULL,NULL,NULL,NULL,NULL,NULL,NULL,"0.0000","0.0000",NULL,NULL,"2014-02-08 10:01:36.827"
159,480,"Metal Plate 1",NULL,NULL,NULL,NULL,NULL,NULL,NULL,"0.0000","0.0000",NULL,NULL,"2014-02-08 10:01:36.827"
160,481,"Metal Plate 3",NULL,NULL,NULL,NULL,NULL,NULL,NULL,"0.0000","0.0000",NULL,NULL,"2014-02-08 10:01:36.827"
161,482,"Metal Sheet 2",NULL,NULL,NULL,NULL,NULL,NULL,NULL,"0.0000","0.0000",NULL,NULL,"2014-02-08 10:01:36.827"
162,483,"Metal Sheet 3",NULL,NULL,NULL,NULL,NULL,NULL,NULL,"0.0000","0.0000",NULL,NULL,"2014-02-08 10:01:36.827"
163,484,"Metal Sheet 7",NULL,NULL,NULL,NULL,NULL,NULL,NULL,"0.0000","0.0000",NULL,NULL,"2014-02-08 10:01:36.827"
164,485,"Metal Sheet 4",NULL,NULL,NULL,NULL,NULL,NULL,NULL,"0.0000","0.0000",NULL,NULL,"2014-02-08 10:01:36.827"
165,486,"Metal Sheet 5",NULL,NULL,NULL,NULL,NULL,NULL,NULL,"0.0000","0.0000",NULL,NULL,"2014-02-08 10:01:36.827"
166,487,"Metal Sheet 6",NULL,NULL,NULL,NULL,NULL,NULL,NULL,"0.0000","0.0000",NULL,NULL,"2014-02-08 10:01:36.827"
167,488,"Metal Sheet 1",NULL,NULL,NULL,NULL,NULL,NULL,NULL,"0.0000","0.0000",NULL,NULL,"2014-02-08 10:01:36.827"
168,489,"Metal Tread Plate",NULL,NULL,NULL,NULL,NULL,NULL,NULL,"0.0000","0.0000",NULL,NULL,"2014-02-08 10:01:36.827"
169,490,"LL Nipple",NULL,NULL,NULL,NULL,NULL,NULL,NULL,"0.0000","0.0000",NULL,NULL,"2014-02-08 10:01:36.827"
170,491,"HL Nipple",NULL,NULL,NULL,NULL,NULL,NULL,NULL,"0.0000","0.0000",NULL,NULL,"2014-02-08 10:01:36.827"
171,492,"Paint - Black",NULL,NULL,NULL,NULL,NULL,NULL,NULL,"0.0000","0.0000",NULL,NULL,"2014-02-08 10:01:36.827"
172,493,"Paint - Red",NULL,NULL,NULL,NULL,NULL,NULL,NULL,"0.0000","0.0000",NULL,NULL,"2014-02-08 10:01:36.827"
173,494,"Paint - Silver",NULL,NULL,NULL,NULL,NULL,NULL,NULL,"0.0000","0.0000",NULL,NULL,"2014-02-08 10:01:36.827"
174,495,"Paint - Blue",NULL,NULL,NULL,NULL,NULL,NULL,NULL,"0.0000","0.0000",NULL,NULL,"2014-02-08 10:01:36.827"
175,496,"Paint - Yellow",NULL,NULL,NULL,NULL,NULL,NULL,NULL,"0.0000","0.0000",NULL,NULL,"2014-02-08 10:01:36.827"
176,497,"Pinch Bolt",NULL,NULL,NULL,NULL,NULL,NULL,NULL,"0.0000","0.0000",NULL,NULL,"2014-02-08 10:01:36.827"
177,504,"Cup-Shaped Race",NULL,NULL,NULL,NULL,NULL,NULL,NULL,"0.0000","0.0000",NULL,NULL,"2014-02-08 10:01:36.827"
178,505,"Cone-Shaped Race",NULL,NULL,NULL,NULL,NULL,NULL,NULL,"0.0000","0.0000",NULL,NULL,"2014-02-08 10:01:36.827"
179,506,"Reflector",NULL,NULL,NULL,NULL,NULL,NULL,NULL,"0.0000","0.0000",NULL,NULL,"2014-02-08 10:01:36.827"
180,507,"LL Mountain Rim",NULL,NULL,"435.00",NULL,NULL,NULL,NULL,"0.0000","0.0000",NULL,NULL,"2014-02-08 10:01:36.827"
181,508,"ML Mountain Rim",NULL,NULL,"450.00",NULL,NULL,NULL,NULL,"0.0000","0.0000",NULL,NULL,"2014-02-08 10:01:36.827"
182,509,"HL Mountain Rim",NULL,NULL,"400.00",NULL,NULL,NULL,NULL,"0.0000","0.0000",NULL,NULL,"2014-02-08 10:01:36.827"
183,510,"LL Road Rim",NULL,NULL,"445.00",NULL,NULL,NULL,NULL,"0.0000","0.0000",NULL,NULL,"2014-02-08 10:01:36.827"
184,511,"ML Road Rim",NULL,NULL,"450.00",NULL,NULL,NULL,NULL,"0.0000","0.0000",NULL,NULL,"2014-02-08 10:01:36.827"
185,512,"HL Road Rim",NULL,NULL,"400.00",NULL,NULL,NULL,NULL,"0.0000","0.0000",NULL,NULL,"2014-02-08 10:01:36.827"
186,513,"Touring Rim",NULL,NULL,"460.00",NULL,NULL,NULL,NULL,"0.0000","0.0000",NULL,NULL,"2014-02-08 10:01:36.827"
187,514,"LL Mountain Seat Assembly",NULL,NULL,NULL,NULL,NULL,NULL,NULL,"98.7700","133.3400",NULL,NULL,"2014-02-08 10:01:36.827"
188,515,"ML Mountain Seat Assembly",NULL,NULL,NULL,NULL,NULL,NULL,NULL,"108.9900","147.1400",NULL,NULL,"2014-02-08 10:01:36.827"
189,516,"HL Mountain Seat Assembly",NULL,NULL,NULL,NULL,NULL,NULL,NULL,"145.8700","196.9200",NULL,NULL,"2014-02-08 10:01:36.827"
190,517,"LL Road Seat Assembly",NULL,NULL,NULL,NULL,NULL,NULL,NULL,"98.7700","133.3400",NULL,NULL,"2014-02-08 10:01:36.827"
191,518,"ML Road Seat Assembly",NULL,NULL,NULL,NULL,NULL,NULL,NULL,"108.9900","147.1400",NULL,NULL,"2014-02-08 10:01:36.827"
192,519,"HL Road Seat Assembly",NULL,NULL,NULL,NULL,NULL,NULL,NULL,"145.8700","196.9200",NULL,NULL,"2014-02-08 10:01:36.827"
193,520,"LL Touring Seat Assembly",NULL,NULL,NULL,NULL,NULL,NULL,NULL,"98.7700","133.3400",NULL,NULL,"2014-02-08 10:01:36.827"
194,521,"ML Touring Seat Assembly",NULL,NULL,NULL,NULL,NULL,NULL,NULL,"108.9900","147.1400",NULL,NULL,"2014-02-08 10:01:36.827"
195,522,"HL Touring Seat Assembly",NULL,NULL,NULL,NULL,NULL,NULL,NULL,"145.8700","196.9200",NULL,NULL,"2014-02-08 10:01:36.827"
196,523,"LL Spindle/Axle",NULL,NULL,NULL,NULL,NULL,NULL,NULL,"0.0000","0.0000",NULL,NULL,"2014-02-08 10:01:36.827"
197,524,"HL Spindle/Axle",NULL,NULL,NULL,NULL,NULL,NULL,NULL,"0.0000","0.0000",NULL,NULL,"2014-02-08 10:01:36.827"
198,525,"LL Shell",NULL,NULL,NULL,NULL,NULL,NULL,NULL,"0.0000","0.0000",NULL,NULL,"2014-02-08 10:01:36.827"
199,526,"HL Shell",NULL,NULL,NULL,NULL,NULL,NULL,NULL,"0.0000","0.0000",NULL,NULL,"2014-02-08 10:01:36.827"
200,527,"Spokes",NULL,NULL,NULL,NULL,NULL,NULL,NULL,"0.0000","0.0000",NULL,NULL,"2014-02-08 10:01:36.827"
201,528,"Seat Lug",NULL,NULL,NULL,NULL,NULL,NULL,NULL,"0.0000","0.0000",NULL,NULL,"2014-02-08 10:01:36.827"
202,529,"Stem",NULL,NULL,NULL,NULL,NULL,NULL,NULL,"0.0000","0.0000",NULL,NULL,"2014-02-08 10:01:36.827"
203,530,"Seat Post",NULL,NULL,NULL,NULL,NULL,NULL,NULL,"0.0000","0.0000",NULL,NULL,"2014-02-08 10:01:36.827"
204,531,"Steerer",NULL,NULL,NULL,NULL,NULL,NULL,NULL,"0.0000","0.0000",NULL,NULL,"2014-02-08 10:01:36.827"
205,532,"Seat Stays",NULL,NULL,NULL,NULL,NULL,NULL,NULL,"0.0000","0.0000",NULL,NULL,"2014-02-08 10:01:36.827"
206,533,"Seat Tube",NULL,NULL,NULL,NULL,NULL,NULL,NULL,"0.0000","0.0000",NULL,NULL,"2014-02-08 10:01:36.827"
207,534,"Top Tube",NULL,NULL,NULL,NULL,NULL,NULL,NULL,"0.0000","0.0000",NULL,NULL,"2014-02-08 10:01:36.827"
208,535,"Tension Pulley",NULL,NULL,NULL,NULL,NULL,NULL,NULL,"0.0000","0.0000",NULL,NULL,"2014-02-08 10:01:36.827"
209,679,"Rear Derailleur Cage","Silver",NULL,NULL,NULL,NULL,NULL,NULL,"0.0000","0.0000",NULL,NULL,"2014-02-08 10:01:36.827"
210,680,"HL Road Frame - Black, 58","Black","58","2.24","U",NULL,"Components","Road Frames","1059.3100","1431.5000",NULL,NULL,"2014-02-08 10:01:36.827"
211,706,"HL Road Frame - Red, 58","Red","58","2.24","U",NULL,"Components","Road Frames","1059.3100","1431.5000",NULL,NULL,"2014-02-08 10:01:36.827"
212,707,"Sport-100 Helmet, Red","Red",NULL,NULL,NULL,NULL,"Accessories","Helmets","13.0863","34.9900",NULL,NULL,"2014-02-08 10:01:36.827"
213,708,"Sport-100 Helmet, Black","Black",NULL,NULL,NULL,NULL,"Accessories","Helmets","13.0863","34.9900",NULL,NULL,"2014-02-08 10:01:36.827"
214,709,"Mountain Bike Socks, M","White","M",NULL,"U",NULL,"Clothing","Socks","3.3963","9.5000",NULL,NULL,"2014-02-08 10:01:36.827"
215,710,"Mountain Bike Socks, L","White","L",NULL,"U",NULL,"Clothing","Socks","3.3963","9.5000",NULL,NULL,"2014-02-08 10:01:36.827"
216,711,"Sport-100 Helmet, Blue","Blue",NULL,NULL,NULL,NULL,"Accessories","Helmets","13.0863","34.9900",NULL,NULL,"2014-02-08 10:01:36.827"
217,712,"AWC Logo Cap","Multi",NULL,NULL,"U",NULL,"Clothing","Caps","6.9223","8.9900",NULL,NULL,"2014-02-08 10:01:36.827"
218,713,"Long-Sleeve Logo Jersey, S","Multi","S",NULL,"U",NULL,"Clothing","Jerseys","38.4923","49.9900",NULL,NULL,"2014-02-08 10:01:36.827"
219,714,"Long-Sleeve Logo Jersey, M","Multi","M",NULL,"U",NULL,"Clothing","Jerseys","38.4923","49.9900",NULL,NULL,"2014-02-08 10:01:36.827"
220,715,"Long-Sleeve Logo Jersey, L","Multi","L",NULL,"U",NULL,"Clothing","Jerseys","38.4923","49.9900",NULL,NULL,"2014-02-08 10:01:36.827"
221,716,"Long-Sleeve Logo Jersey, XL","Multi","XL",NULL,"U",NULL,"Clothing","Jerseys","38.4923","49.9900",NULL,NULL,"2014-02-08 10:01:36.827"
222,717,"HL Road Frame - Red, 62","Red","62","2.30","U",NULL,"Components","Road Frames","868.6342","1431.5000",NULL,NULL,"2014-02-08 10:01:36.827"
223,718,"HL Road Frame - Red, 44","Red","44","2.12","U",NULL,"Components","Road Frames","868.6342","1431.5000",NULL,NULL,"2014-02-08 10:01:36.827"
224,719,"HL Road Frame - Red, 48","Red","48","2.16","U",NULL,"Components","Road Frames","868.6342","1431.5000",NULL,NULL,"2014-02-08 10:01:36.827"
225,720,"HL Road Frame - Red, 52","Red","52","2.20","U",NULL,"Components","Road Frames","868.6342","1431.5000",NULL,NULL,"2014-02-08 10:01:36.827"
226,721,"HL Road Frame - Red, 56","Red","56","2.24","U",NULL,"Components","Road Frames","868.6342","1431.5000",NULL,NULL,"2014-02-08 10:01:36.827"
227,722,"LL Road Frame - Black, 58","Black","58","2.46","U",NULL,"Components","Road Frames","204.6251","337.2200",NULL,NULL,"2014-02-08 10:01:36.827"
228,723,"LL Road Frame - Black, 60","Black","60","2.48","U",NULL,"Components","Road Frames","204.6251","337.2200",NULL,NULL,"2014-02-08 10:01:36.827"
229,724,"LL Road Frame - Black, 62","Black","62","2.50","U",NULL,"Components","Road Frames","204.6251","337.2200",NULL,NULL,"2014-02-08 10:01:36.827"
230,725,"LL Road Frame - Red, 44","Red","44","2.32","U",NULL,"Components","Road Frames","187.1571","337.2200",NULL,NULL,"2014-02-08 10:01:36.827"
231,726,"LL Road Frame - Red, 48","Red","48","2.36","U",NULL,"Components","Road Frames","187.1571","337.2200",NULL,NULL,"2014-02-08 10:01:36.827"
232,727,"LL Road Frame - Red, 52","Red","52","2.40","U",NULL,"Components","Road Frames","187.1571","337.2200",NULL,NULL,"2014-02-08 10:01:36.827"
233,728,"LL Road Frame - Red, 58","Red","58","2.46","U",NULL,"Components","Road Frames","187.1571","337.2200",NULL,NULL,"2014-02-08 10:01:36.827"
234,729,"LL Road Frame - Red, 60","Red","60","2.48","U",NULL,"Components","Road Frames","187.1571","337.2200",NULL,NULL,"2014-02-08 10:01:36.827"
235,730,"LL Road Frame - Red, 62","Red","62","2.50","U",NULL,"Components","Road Frames","187.1571","337.2200",NULL,NULL,"2014-02-08 10:01:36.827"
236,731,"ML Road Frame - Red, 44","Red","44","2.22","U",NULL,"Components","Road Frames","352.1394","594.8300",NULL,NULL,"2014-02-08 10:01:36.827"
237,732,"ML Road Frame - Red, 48","Red","48","2.26","U",NULL,"Components","Road Frames","352.1394","594.8300",NULL,NULL,"2014-02-08 10:01:36.827"
238,733,"ML Road Frame - Red, 52","Red","52","2.30","U",NULL,"Components","Road Frames","352.1394","594.8300",NULL,NULL,"2014-02-08 10:01:36.827"
239,734,"ML Road Frame - Red, 58","Red","58","2.36","U",NULL,"Components","Road Frames","352.1394","594.8300",NULL,NULL,"2014-02-08 10:01:36.827"
240,735,"ML Road Frame - Red, 60","Red","60","2.38","U",NULL,"Components","Road Frames","352.1394","594.8300",NULL,NULL,"2014-02-08 10:01:36.827"
241,736,"LL Road Frame - Black, 44","Black","44","2.32","U",NULL,"Components","Road Frames","204.6251","337.2200",NULL,NULL,"2014-02-08 10:01:36.827"
242,737,"LL Road Frame - Black, 48","Black","48","2.36","U",NULL,"Components","Road Frames","204.6251","337.2200",NULL,NULL,"2014-02-08 10:01:36.827"
243,738,"LL Road Frame - Black, 52","Black","52","2.40","U",NULL,"Components","Road Frames","204.6251","337.2200",NULL,NULL,"2014-02-08 10:01:36.827"
244,739,"HL Mountain Frame - Silver, 42","Silver","42","2.72","U",NULL,"Components","Mountain Frames","747.2002","1364.5000",NULL,NULL,"2014-02-08 10:01:36.827"
245,740,"HL Mountain Frame - Silver, 44","Silver","44","2.76","U",NULL,"Components","Mountain Frames","706.8110","1364.5000",NULL,NULL,"2014-02-08 10:01:36.827"
246,741,"HL Mountain Frame - Silver, 48","Silver","48","2.80","U",NULL,"Components","Mountain Frames","706.8110","1364.5000",NULL,NULL,"2014-02-08 10:01:36.827"
247,742,"HL Mountain Frame - Silver, 46","Silver","46","2.84","U",NULL,"Components","Mountain Frames","747.2002","1364.5000",NULL,NULL,"2014-02-08 10:01:36.827"
248,743,"HL Mountain Frame - Black, 42","Black","42","2.72","U",NULL,"Components","Mountain Frames","739.0410","1349.6000",NULL,NULL,"2014-02-08 10:01:36.827"
249,744,"HL Mountain Frame - Black, 44","Black","44","2.76","U",NULL,"Components","Mountain Frames","699.0928","1349.6000",NULL,NULL,"2014-02-08 10:01:36.827"
250,745,"HL Mountain Frame - Black, 48","Black","48","2.80","U",NULL,"Components","Mountain Frames","699.0928","1349.6000",NULL,NULL,"2014-02-08 10:01:36.827"
251,746,"HL Mountain Frame - Black, 46","Black","46","2.84","U",NULL,"Components","Mountain Frames","739.0410","1349.6000",NULL,NULL,"2014-02-08 10:01:36.827"
252,747,"HL Mountain Frame - Black, 38","Black","38","2.68","U",NULL,"Components","Mountain Frames","739.0410","1349.6000",NULL,NULL,"2014-02-08 10:01:36.827"
253,748,"HL Mountain Frame - Silver, 38","Silver","38","2.68","U",NULL,"Components","Mountain Frames","747.2002","1364.5000",NULL,NULL,"2014-02-08 10:01:36.827"
254,749,"Road-150 Red, 62","Red","62","15.00","U","Road-150","Bikes","Road Bikes","2171.2942","3578.2700","4 years","7 years","2014-02-08 10:01:36.827"
255,750,"Road-150 Red, 44","Red","44","13.77","U","Road-150","Bikes","Road Bikes","2171.2942","3578.2700","4 years","7 years","2014-02-08 10:01:36.827"
256,751,"Road-150 Red, 48","Red","48","14.13","U","Road-150","Bikes","Road Bikes","2171.2942","3578.2700","4 years","7 years","2014-02-08 10:01:36.827"
257,752,"Road-150 Red, 52","Red","52","14.42","U","Road-150","Bikes","Road Bikes","2171.2942","3578.2700","4 years","7 years","2014-02-08 10:01:36.827"
258,753,"Road-150 Red, 56","Red","56","14.68","U","Road-150","Bikes","Road Bikes","2171.2942","3578.2700","4 years","7 years","2014-02-08 10:01:36.827"
259,754,"Road-450 Red, 58","Red","58","17.79","U","Road-450","Bikes","Road Bikes","884.7083","1457.9900","1 year","5 years","2014-02-08 10:01:36.827"
260,755,"Road-450 Red, 60","Red","60","17.90","U","Road-450","Bikes","Road Bikes","884.7083","1457.9900","1 year","5 years","2014-02-08 10:01:36.827"
261,756,"Road-450 Red, 44","Red","44","16.77","U","Road-450","Bikes","Road Bikes","884.7083","1457.9900","1 year","5 years","2014-02-08 10:01:36.827"
262,757,"Road-450 Red, 48","Red","48","17.13","U","Road-450","Bikes","Road Bikes","884.7083","1457.9900","1 year","5 years","2014-02-08 10:01:36.827"
263,758,"Road-450 Red, 52","Red","52","17.42","U","Road-450","Bikes","Road Bikes","884.7083","1457.9900","1 year","5 years","2014-02-08 10:01:36.827"
264,759,"Road-650 Red, 58","Red","58","19.79","U",NULL,"Bikes","Road Bikes","486.7066","782.9900",NULL,NULL,"2014-02-08 10:01:36.827"
265,760,"Road-650 Red, 60","Red","60","19.90","U",NULL,"Bikes","Road Bikes","486.7066","782.9900",NULL,NULL,"2014-02-08 10:01:36.827"
266,761,"Road-650 Red, 62","Red","62","20.00","U",NULL,"Bikes","Road Bikes","486.7066","782.9900",NULL,NULL,"2014-02-08 10:01:36.827"
267,762,"Road-650 Red, 44","Red","44","18.77","U",NULL,"Bikes","Road Bikes","486.7066","782.9900",NULL,NULL,"2014-02-08 10:01:36.827"
268,763,"Road-650 Red, 48","Red","48","19.13","U",NULL,"Bikes","Road Bikes","486.7066","782.9900",NULL,NULL,"2014-02-08 10:01:36.827"
269,764,"Road-650 Red, 52","Red","52","19.42","U",NULL,"Bikes","Road Bikes","486.7066","782.9900",NULL,NULL,"2014-02-08 10:01:36.827"
270,765,"Road-650 Black, 58","Black","58","19.79","U",NULL,"Bikes","Road Bikes","486.7066","782.9900",NULL,NULL,"2014-02-08 10:01:36.827"
271,766,"Road-650 Black, 60","Black","60","19.90","U",NULL,"Bikes","Road Bikes","486.7066","782.9900",NULL,NULL,"2014-02-08 10:01:36.827"
272,767,"Road-650 Black, 62","Black","62","20.00","U",NULL,"Bikes","Road Bikes","486.7066","782.9900",NULL,NULL,"2014-02-08 10:01:36.827"
273,768,"Road-650 Black, 44","Black","44","18.77","U",NULL,"Bikes","Road Bikes","486.7066","782.9900",NULL,NULL,"2014-02-08 10:01:36.827"
274,769,"Road-650 Black, 48","Black","48","19.13","U",NULL,"Bikes","Road Bikes","486.7066","782.9900",NULL,NULL,"2014-02-08 10:01:36.827"
275,770,"Road-650 Black, 52","Black","52","19.42","U",NULL,"Bikes","Road Bikes","486.7066","782.9900",NULL,NULL,"2014-02-08 10:01:36.827"
276,771,"Mountain-100 Silver, 38","Silver","38","20.35","U","Mountain-100","Bikes","Mountain Bikes","1912.1544","3399.9900","3 years","10 years","2014-02-08 10:01:36.827"
277,772,"Mountain-100 Silver, 42","Silver","42","20.77","U","Mountain-100","Bikes","Mountain Bikes","1912.1544","3399.9900","3 years","10 years","2014-02-08 10:01:36.827"
278,773,"Mountain-100 Silver, 44","Silver","44","21.13","U","Mountain-100","Bikes","Mountain Bikes","1912.1544","3399.9900","3 years","10 years","2014-02-08 10:01:36.827"
279,774,"Mountain-100 Silver, 48","Silver","48","21.42","U","Mountain-100","Bikes","Mountain Bikes","1912.1544","3399.9900","3 years","10 years","2014-02-08 10:01:36.827"
280,775,"Mountain-100 Black, 38","Black","38","20.35","U","Mountain-100","Bikes","Mountain Bikes","1898.0944","3374.9900","3 years","10 years","2014-02-08 10:01:36.827"
281,776,"Mountain-100 Black, 42","Black","42","20.77","U","Mountain-100","Bikes","Mountain Bikes","1898.0944","3374.9900","3 years","10 years","2014-02-08 10:01:36.827"
282,777,"Mountain-100 Black, 44","Black","44","21.13","U","Mountain-100","Bikes","Mountain Bikes","1898.0944","3374.9900","3 years","10 years","2014-02-08 10:01:36.827"
283,778,"Mountain-100 Black, 48","Black","48","21.42","U","Mountain-100","Bikes","Mountain Bikes","1898.0944","3374.9900","3 years","10 years","2014-02-08 10:01:36.827"
284,779,"Mountain-200 Silver, 38","Silver","38","23.35","U",NULL,"Bikes","Mountain Bikes","1265.6195","2319.9900",NULL,NULL,"2014-02-08 10:01:36.827"
285,780,"Mountain-200 Silver, 42","Silver","42","23.77","U",NULL,"Bikes","Mountain Bikes","1265.6195","2319.9900",NULL,NULL,"2014-02-08 10:01:36.827"
286,781,"Mountain-200 Silver, 46","Silver","46","24.13","U",NULL,"Bikes","Mountain Bikes","1265.6195","2319.9900",NULL,NULL,"2014-02-08 10:01:36.827"
287,782,"Mountain-200 Black, 38","Black","38","23.35","U",NULL,"Bikes","Mountain Bikes","1251.9813","2294.9900",NULL,NULL,"2014-02-08 10:01:36.827"
288,783,"Mountain-200 Black, 42","Black","42","23.77","U",NULL,"Bikes","Mountain Bikes","1251.9813","2294.9900",NULL,NULL,"2014-02-08 10:01:36.827"
289,784,"Mountain-200 Black, 46","Black","46","24.13","U",NULL,"Bikes","Mountain Bikes","1251.9813","2294.9900",NULL,NULL,"2014-02-08 10:01:36.827"
290,785,"Mountain-300 Black, 38","Black","38","25.35","U",NULL,"Bikes","Mountain Bikes","598.4354","1079.9900",NULL,NULL,"2014-02-08 10:01:36.827"
291,786,"Mountain-300 Black, 40","Black","40","25.77","U",NULL,"Bikes","Mountain Bikes","598.4354","1079.9900",NULL,NULL,"2014-02-08 10:01:36.827"
292,787,"Mountain-300 Black, 44","Black","44","26.13","U",NULL,"Bikes","Mountain Bikes","598.4354","1079.9900",NULL,NULL,"2014-02-08 10:01:36.827"
293,788,"Mountain-300 Black, 48","Black","48","26.42","U",NULL,"Bikes","Mountain Bikes","598.4354","1079.9900",NULL,NULL,"2014-02-08 10:01:36.827"
294,789,"Road-250 Red, 44","Red","44","14.77","U",NULL,"Bikes","Road Bikes","1518.7864","2443.3500",NULL,NULL,"2014-02-08 10:01:36.827"
295,790,"Road-250 Red, 48","Red","48","15.13","U",NULL,"Bikes","Road Bikes","1518.7864","2443.3500",NULL,NULL,"2014-02-08 10:01:36.827"
296,791,"Road-250 Red, 52","Red","52","15.42","U",NULL,"Bikes","Road Bikes","1518.7864","2443.3500",NULL,NULL,"2014-02-08 10:01:36.827"
297,792,"Road-250 Red, 58","Red","58","15.79","U",NULL,"Bikes","Road Bikes","1554.9479","2443.3500",NULL,NULL,"2014-02-08 10:01:36.827"
298,793,"Road-250 Black, 44","Black","44","14.77","U",NULL,"Bikes","Road Bikes","1554.9479","2443.3500",NULL,NULL,"2014-02-08 10:01:36.827"
299,794,"Road-250 Black, 48","Black","48","15.13","U",NULL,"Bikes","Road Bikes","1554.9479","2443.3500",NULL,NULL,"2014-02-08 10:01:36.827"
300,795,"Road-250 Black, 52","Black","52","15.42","U",NULL,"Bikes","Road Bikes","1554.9479","2443.3500",NULL,NULL,"2014-02-08 10:01:36.827"
301,796,"Road-250 Black, 58","Black","58","15.68","U",NULL,"Bikes","Road Bikes","1554.9479","2443.3500",NULL,NULL,"2014-02-08 10:01:36.827"
302,797,"Road-550-W Yellow, 38","Yellow","38","17.35","W",NULL,"Bikes","Road Bikes","713.0798","1120.4900",NULL,NULL,"2014-02-08 10:01:36.827"
303,798,"Road-550-W Yellow, 40","Yellow","40","17.77","W",NULL,"Bikes","Road Bikes","713.0798","1120.4900",NULL,NULL,"2014-02-08 10:01:36.827"
304,799,"Road-550-W Yellow, 42","Yellow","42","18.13","W",NULL,"Bikes","Road Bikes","713.0798","1120.4900",NULL,NULL,"2014-02-08 10:01:36.827"
305,800,"Road-550-W Yellow, 44","Yellow","44","18.42","W",NULL,"Bikes","Road Bikes","713.0798","1120.4900",NULL,NULL,"2014-02-08 10:01:36.827"
306,801,"Road-550-W Yellow, 48","Yellow","48","18.68","W",NULL,"Bikes","Road Bikes","713.0798","1120.4900",NULL,NULL,"2014-02-08 10:01:36.827"
307,802,"LL Fork",NULL,NULL,NULL,NULL,NULL,"Components","Forks","65.8097","148.2200",NULL,NULL,"2014-02-08 10:01:36.827"
308,803,"ML Fork",NULL,NULL,NULL,NULL,NULL,"Components","Forks","77.9176","175.4900",NULL,NULL,"2014-02-08 10:01:36.827"
309,804,"HL Fork",NULL,NULL,NULL,NULL,NULL,"Components","Forks","101.8936","229.4900",NULL,NULL,"2014-02-08 10:01:36.827"
310,805,"LL Headset",NULL,NULL,NULL,NULL,NULL,"Components","Headsets","15.1848","34.2000",NULL,NULL,"2014-02-08 10:01:36.827"
311,806,"ML Headset",NULL,NULL,NULL,NULL,NULL,"Components","Headsets","45.4168","102.2900",NULL,NULL,"2014-02-08 10:01:36.827"
312,807,"HL Headset",NULL,NULL,NULL,NULL,NULL,"Components","Headsets","55.3801","124.7300",NULL,NULL,"2014-02-08 10:01:36.827"
313,808,"LL Mountain Handlebars",NULL,NULL,NULL,NULL,NULL,"Components","Handlebars","19.7758","44.5400",NULL,NULL,"2014-02-08 10:01:36.827"
314,809,"ML Mountain Handlebars",NULL,NULL,NULL,NULL,NULL,"Components","Handlebars","27.4925","61.9200",NULL,NULL,"2014-02-08 10:01:36.827"
315,810,"HL Mountain Handlebars",NULL,NULL,NULL,NULL,NULL,"Components","Handlebars","53.3999","120.2700",NULL,NULL,"2014-02-08 10:01:36.827"
316,811,"LL Road Handlebars",NULL,NULL,NULL,NULL,NULL,"Components","Handlebars","19.7758","44.5400",NULL,NULL,"2014-02-08 10:01:36.827"
317,812,"ML Road Handlebars",NULL,NULL,NULL,NULL,NULL,"Components","Handlebars","27.4925","61.9200",NULL,NULL,"2014-02-08 10:01:36.827"
318,813,"HL Road Handlebars",NULL,NULL,NULL,NULL,NULL,"Components","Handlebars","53.3999","120.2700",NULL,NULL,"2014-02-08 10:01:36.827"
319,814,"ML Mountain Frame - Black, 38","Black","38","2.73","U",NULL,"Components","Mountain Frames","185.8193","348.7600",NULL,NULL,"2014-02-08 10:01:36.827"
320,815,"LL Mountain Front Wheel","Black",NULL,NULL,NULL,NULL,"Components","Wheels","26.9708","60.7450",NULL,NULL,"2014-02-08 10:01:36.827"
321,816,"ML Mountain Front Wheel","Black",NULL,NULL,NULL,NULL,"Components","Wheels","92.8071","209.0250",NULL,NULL,"2014-02-08 10:01:36.827"
322,817,"HL Mountain Front Wheel","Black",NULL,NULL,NULL,NULL,"Components","Wheels","133.2955","300.2150",NULL,NULL,"2014-02-08 10:01:36.827"
323,818,"LL Road Front Wheel","Black",NULL,"900.00",NULL,NULL,"Components","Wheels","37.9909","85.5650",NULL,NULL,"2014-02-08 10:01:36.827"
324,819,"ML Road Front Wheel","Black",NULL,"850.00",NULL,NULL,"Components","Wheels","110.2829","248.3850",NULL,NULL,"2014-02-08 10:01:36.827"
325,820,"HL Road Front Wheel","Black",NULL,"650.00",NULL,NULL,"Components","Wheels","146.5466","330.0600",NULL,NULL,"2014-02-08 10:01:36.827"
326,821,"Touring Front Wheel","Black",NULL,NULL,NULL,NULL,"Components","Wheels","96.7964","218.0100",NULL,NULL,"2014-02-08 10:01:36.827"
327,822,"ML Road Frame-W - Yellow, 38","Yellow","38","2.18","W",NULL,"Components","Road Frames","360.9428","594.8300",NULL,NULL,"2014-02-08 10:01:36.827"
328,823,"LL Mountain Rear Wheel","Black",NULL,NULL,NULL,NULL,"Components","Wheels","38.9588","87.7450",NULL,NULL,"2014-02-08 10:01:36.827"
329,824,"ML Mountain Rear Wheel","Black",NULL,NULL,NULL,NULL,"Components","Wheels","104.7951","236.0250",NULL,NULL,"2014-02-08 10:01:36.827"
330,825,"HL Mountain Rear Wheel","Black",NULL,NULL,NULL,NULL,"Components","Wheels","145.2835","327.2150",NULL,NULL,"2014-02-08 10:01:36.827"
331,826,"LL Road Rear Wheel","Black",NULL,"1050.00",NULL,NULL,"Components","Wheels","49.9789","112.5650",NULL,NULL,"2014-02-08 10:01:36.827"
332,827,"ML Road Rear Wheel","Black",NULL,"1000.00",NULL,NULL,"Components","Wheels","122.2709","275.3850",NULL,NULL,"2014-02-08 10:01:36.827"
333,828,"HL Road Rear Wheel","Black",NULL,"890.00",NULL,NULL,"Components","Wheels","158.5346","357.0600",NULL,NULL,"2014-02-08 10:01:36.827"
334,829,"Touring Rear Wheel","Black",NULL,NULL,NULL,NULL,"Components","Wheels","108.7844","245.0100",NULL,NULL,"2014-02-08 10:01:36.827"
335,830,"ML Mountain Frame - Black, 40","Black","40","2.77","U",NULL,"Components","Mountain Frames","185.8193","348.7600",NULL,NULL,"2014-02-08 10:01:36.827"
336,831,"ML Mountain Frame - Black, 44","Black","44","2.81","U",NULL,"Components","Mountain Frames","185.8193","348.7600",NULL,NULL,"2014-02-08 10:01:36.827"
337,832,"ML Mountain Frame - Black, 48","Black","48","2.85","U",NULL,"Components","Mountain Frames","185.8193","348.7600",NULL,NULL,"2014-02-08 10:01:36.827"
338,833,"ML Road Frame-W - Yellow, 40","Yellow","40","2.22","W",NULL,"Components","Road Frames","360.9428","594.8300",NULL,NULL,"2014-02-08 10:01:36.827"
339,834,"ML Road Frame-W - Yellow, 42","Yellow","42","2.26","W",NULL,"Components","Road Frames","360.9428","594.8300",NULL,NULL,"2014-02-08 10:01:36.827"
340,835,"ML Road Frame-W - Yellow, 44","Yellow","44","2.30","W",NULL,"Components","Road Frames","360.9428","594.8300",NULL,NULL,"2014-02-08 10:01:36.827"
341,836,"ML Road Frame-W - Yellow, 48","Yellow","48","2.34","W",NULL,"Components","Road Frames","360.9428","594.8300",NULL,NULL,"2014-02-08 10:01:36.827"
342,837,"HL Road Frame - Black, 62","Black","62","2.30","U",NULL,"Components","Road Frames","868.6342","1431.5000",NULL,NULL,"2014-02-08 10:01:36.827"
343,838,"HL Road Frame - Black, 44","Black","44","2.12","U",NULL,"Components","Road Frames","868.6342","1431.5000",NULL,NULL,"2014-02-08 10:01:36.827"
344,839,"HL Road Frame - Black, 48","Black","48","2.16","U",NULL,"Components","Road Frames","868.6342","1431.5000",NULL,NULL,"2014-02-08 10:01:36.827"
345,840,"HL Road Frame - Black, 52","Black","52","2.20","U",NULL,"Components","Road Frames","868.6342","1431.5000",NULL,NULL,"2014-02-08 10:01:36.827"
346,841,"Men's Sports Shorts, S","Black","S",NULL,"M",NULL,"Clothing","Shorts","24.7459","59.9900",NULL,NULL,"2014-02-08 10:01:36.827"
347,842,"Touring-Panniers, Large","Grey",NULL,NULL,NULL,NULL,"Accessories","Panniers","51.5625","125.0000",NULL,NULL,"2014-02-08 10:01:36.827"
348,843,"Cable Lock",NULL,NULL,NULL,NULL,NULL,"Accessories","Locks","10.3125","25.0000",NULL,NULL,"2014-02-08 10:01:36.827"
349,844,"Minipump",NULL,NULL,NULL,NULL,NULL,"Accessories","Pumps","8.2459","19.9900",NULL,NULL,"2014-02-08 10:01:36.827"
350,845,"Mountain Pump",NULL,NULL,NULL,NULL,NULL,"Accessories","Pumps","10.3084","24.9900",NULL,NULL,"2014-02-08 10:01:36.827"
351,846,"Taillights - Battery-Powered",NULL,NULL,NULL,NULL,NULL,"Accessories","Lights","5.7709","13.9900",NULL,NULL,"2014-02-08 10:01:36.827"
352,847,"Headlights - Dual-Beam",NULL,NULL,NULL,NULL,NULL,"Accessories","Lights","14.4334","34.9900",NULL,NULL,"2014-02-08 10:01:36.827"
353,848,"Headlights - Weatherproof",NULL,NULL,NULL,NULL,NULL,"Accessories","Lights","18.5584","44.9900",NULL,NULL,"2014-02-08 10:01:36.827"
354,849,"Men's Sports Shorts, M","Black","M",NULL,"M",NULL,"Clothing","Shorts","24.7459","59.9900",NULL,NULL,"2014-02-08 10:01:36.827"
355,850,"Men's Sports Shorts, L","Black","L",NULL,"M",NULL,"Clothing","Shorts","24.7459","59.9900",NULL,NULL,"2014-02-08 10:01:36.827"
356,851,"Men's Sports Shorts, XL","Black","XL",NULL,"M",NULL,"Clothing","Shorts","24.7459","59.9900",NULL,NULL,"2014-02-08 10:01:36.827"
357,852,"Women's Tights, S","Black","S",NULL,"W",NULL,"Clothing","Tights","30.9334","74.9900",NULL,NULL,"2014-02-08 10:01:36.827"
358,853,"Women's Tights, M","Black","M",NULL,"W",NULL,"Clothing","Tights","30.9334","74.9900",NULL,NULL,"2014-02-08 10:01:36.827"
359,854,"Women's Tights, L","Black","L",NULL,"W",NULL,"Clothing","Tights","30.9334","74.9900",NULL,NULL,"2014-02-08 10:01:36.827"
360,855,"Men's Bib-Shorts, S","Multi","S",NULL,"M",NULL,"Clothing","Bib-Shorts","37.1209","89.9900",NULL,NULL,"2014-02-08 10:01:36.827"
361,856,"Men's Bib-Shorts, M","Multi","M",NULL,"M",NULL,"Clothing","Bib-Shorts","37.1209","89.9900",NULL,NULL,"2014-02-08 10:01:36.827"
362,857,"Men's Bib-Shorts, L","Multi","L",NULL,"M",NULL,"Clothing","Bib-Shorts","37.1209","89.9900",NULL,NULL,"2014-02-08 10:01:36.827"
363,858,"Half-Finger Gloves, S","Black","S",NULL,"U",NULL,"Clothing","Gloves","9.1593","24.4900",NULL,NULL,"2014-02-08 10:01:36.827"
364,859,"Half-Finger Gloves, M","Black","M",NULL,"U",NULL,"Clothing","Gloves","9.1593","24.4900",NULL,NULL,"2014-02-08 10:01:36.827"
365,860,"Half-Finger Gloves, L","Black","L",NULL,"U",NULL,"Clothing","Gloves","9.1593","24.4900",NULL,NULL,"2014-02-08 10:01:36.827"
366,861,"Full-Finger Gloves, S","Black","S",NULL,"U",NULL,"Clothing","Gloves","15.6709","37.9900",NULL,NULL,"2014-02-08 10:01:36.827"
367,862,"Full-Finger Gloves, M","Black","M",NULL,"U",NULL,"Clothing","Gloves","15.6709","37.9900",NULL,NULL,"2014-02-08 10:01:36.827"
368,863,"Full-Finger Gloves, L","Black","L",NULL,"U",NULL,"Clothing","Gloves","15.6709","37.9900",NULL,NULL,"2014-02-08 10:01:36.827"
369,864,"Classic Vest, S","Blue","S",NULL,"U",NULL,"Clothing","Vests","23.7490","63.5000",NULL,NULL,"2014-02-08 10:01:36.827"
370,865,"Classic Vest, M","Blue","M",NULL,"U",NULL,"Clothing","Vests","23.7490","63.5000",NULL,NULL,"2014-02-08 10:01:36.827"
371,866,"Classic Vest, L","Blue","L",NULL,"U",NULL,"Clothing","Vests","23.7490","63.5000",NULL,NULL,"2014-02-08 10:01:36.827"
372,867,"Women's Mountain Shorts, S","Black","S",NULL,"W",NULL,"Clothing","Shorts","26.1763","69.9900",NULL,NULL,"2014-02-08 10:01:36.827"
373,868,"Women's Mountain Shorts, M","Black","M",NULL,"W",NULL,"Clothing","Shorts","26.1763","69.9900",NULL,NULL,"2014-02-08 10:01:36.827"
374,869,"Women's Mountain Shorts, L","Black","L",NULL,"W",NULL,"Clothing","Shorts","26.1763","69.9900",NULL,NULL,"2014-02-08 10:01:36.827"
375,870,"Water Bottle - 30 oz.",NULL,NULL,NULL,NULL,NULL,"Accessories","Bottles and Cages","1.8663","4.9900",NULL,NULL,"2014-02-08 10:01:36.827"
376,871,"Mountain Bottle Cage",NULL,NULL,NULL,NULL,NULL,"Accessories","Bottles and Cages","3.7363","9.9900",NULL,NULL,"2014-02-08 10:01:36.827"
377,872,"Road Bottle Cage",NULL,NULL,NULL,NULL,NULL,"Accessories","Bottles and Cages","3.3623","8.9900",NULL,NULL,"2014-02-08 10:01:36.827"
378,873,"Patch Kit/8 Patches",NULL,NULL,NULL,NULL,NULL,"Accessories","Tires and Tubes","0.8565","2.2900",NULL,NULL,"2014-02-08 10:01:36.827"
379,874,"Racing Socks, M","White","M",NULL,"U",NULL,"Clothing","Socks","3.3623","8.9900",NULL,NULL,"2014-02-08 10:01:36.827"
380,875,"Racing Socks, L","White","L",NULL,"U",NULL,"Clothing","Socks","3.3623","8.9900",NULL,NULL,"2014-02-08 10:01:36.827"
381,876,"Hitch Rack - 4-Bike",NULL,NULL,NULL,NULL,NULL,"Accessories","Bike Racks","44.8800","120.0000",NULL,NULL,"2014-02-08 10:01:36.827"
382,877,"Bike Wash - Dissolver",NULL,NULL,NULL,NULL,NULL,"Accessories","Cleaners","2.9733","7.9500",NULL,NULL,"2014-02-08 10:01:36.827"
383,878,"Fender Set - Mountain",NULL,NULL,NULL,NULL,NULL,"Accessories","Fenders","8.2205","21.9800",NULL,NULL,"2014-02-08 10:01:36.827"
384,879,"All-Purpose Bike Stand",NULL,NULL,NULL,NULL,NULL,"Accessories","Bike Stands","59.4660","159.0000",NULL,NULL,"2014-02-08 10:01:36.827"
385,880,"Hydration Pack - 70 oz.","Silver","70",NULL,NULL,NULL,"Accessories","Hydration Packs","20.5663","54.9900",NULL,NULL,"2014-02-08 10:01:36.827"
386,881,"Short-Sleeve Classic Jersey, S","Yellow","S",NULL,"U",NULL,"Clothing","Jerseys","41.5723","53.9900",NULL,NULL,"2014-02-08 10:01:36.827"
387,882,"Short-Sleeve Classic Jersey, M","Yellow","M",NULL,"U",NULL,"Clothing","Jerseys","41.5723","53.9900",NULL,NULL,"2014-02-08 10:01:36.827"
388,883,"Short-Sleeve Classic Jersey, L","Yellow","L",NULL,"U",NULL,"Clothing","Jerseys","41.5723","53.9900",NULL,NULL,"2014-02-08 10:01:36.827"
389,884,"Short-Sleeve Classic Jersey, XL","Yellow","XL",NULL,"U",NULL,"Clothing","Jerseys","41.5723","53.9900",NULL,NULL,"2014-02-08 10:01:36.827"
390,885,"HL Touring Frame - Yellow, 60","Yellow","60","3.08","U",NULL,"Components","Touring Frames","601.7437","1003.9100",NULL,NULL,"2014-02-08 10:01:36.827"
391,886,"LL Touring Frame - Yellow, 62","Yellow","62","3.20","U",NULL,"Components","Touring Frames","199.8519","333.4200",NULL,NULL,"2014-02-08 10:01:36.827"
392,887,"HL Touring Frame - Yellow, 46","Yellow","46","2.96","U",NULL,"Components","Touring Frames","601.7437","1003.9100",NULL,NULL,"2014-02-08 10:01:36.827"
393,888,"HL Touring Frame - Yellow, 50","Yellow","50","3.00","U",NULL,"Components","Touring Frames","601.7437","1003.9100",NULL,NULL,"2014-02-08 10:01:36.827"
394,889,"HL Touring Frame - Yellow, 54","Yellow","54","3.04","U",NULL,"Components","Touring Frames","601.7437","1003.9100",NULL,NULL,"2014-02-08 10:01:36.827"
395,890,"HL Touring Frame - Blue, 46","Blue","46","2.96","U",NULL,"Components","Touring Frames","601.7437","1003.9100",NULL,NULL,"2014-02-08 10:01:36.827"
396,891,"HL Touring Frame - Blue, 50","Blue","50","3.00","U",NULL,"Components","Touring Frames","601.7437","1003.9100",NULL,NULL,"2014-02-08 10:01:36.827"
397,892,"HL Touring Frame - Blue, 54","Blue","54","3.04","U",NULL,"Components","Touring Frames","601.7437","1003.9100",NULL,NULL,"2014-02-08 10:01:36.827"
398,893,"HL Touring Frame - Blue, 60","Blue","60","3.08","U",NULL,"Components","Touring Frames","601.7437","1003.9100",NULL,NULL,"2014-02-08 10:01:36.827"
399,894,"Rear Derailleur","Silver",NULL,"215.00",NULL,NULL,"Components","Derailleurs","53.9282","121.4600",NULL,NULL,"2014-02-08 10:01:36.827"
400,895,"LL Touring Frame - Blue, 50","Blue","50","3.10","U",NULL,"Components","Touring Frames","199.8519","333.4200",NULL,NULL,"2014-02-08 10:01:36.827"
401,896,"LL Touring Frame - Blue, 54","Blue","54","3.14","U",NULL,"Components","Touring Frames","199.8519","333.4200",NULL,NULL,"2014-02-08 10:01:36.827"
402,897,"LL Touring Frame - Blue, 58","Blue","58","3.16","U",NULL,"Components","Touring Frames","199.8519","333.4200",NULL,NULL,"2014-02-08 10:01:36.827"
403,898,"LL Touring Frame - Blue, 62","Blue","62","3.20","U",NULL,"Components","Touring Frames","199.8519","333.4200",NULL,NULL,"2014-02-08 10:01:36.827"
404,899,"LL Touring Frame - Yellow, 44","Yellow","44","3.02","U",NULL,"Components","Touring Frames","199.8519","333.4200",NULL,NULL,"2014-02-08 10:01:36.827"
405,900,"LL Touring Frame - Yellow, 50","Yellow","50","3.10","U",NULL,"Components","Touring Frames","199.8519","333.4200",NULL,NULL,"2014-02-08 10:01:36.827"
406,901,"LL Touring Frame - Yellow, 54","Yellow","54","3.14","U",NULL,"Components","Touring Frames","199.8519","333.4200",NULL,NULL,"2014-02-08 10:01:36.827"
407,902,"LL Touring Frame - Yellow, 58","Yellow","58","3.16","U",NULL,"Components","Touring Frames","199.8519","333.4200",NULL,NULL,"2014-02-08 10:01:36.827"
408,903,"LL Touring Frame - Blue, 44","Blue","44","3.02","U",NULL,"Components","Touring Frames","199.8519","333.4200",NULL,NULL,"2014-02-08 10:01:36.827"
409,904,"ML Mountain Frame-W - Silver, 40","Silver","40","2.77","W",NULL,"Components","Mountain Frames","199.3757","364.0900",NULL,NULL,"2014-02-08 10:01:36.827"
410,905,"ML Mountain Frame-W - Silver, 42","Silver","42","2.81","W",NULL,"Components","Mountain Frames","199.3757","364.0900",NULL,NULL,"2014-02-08 10:01:36.827"
411,906,"ML Mountain Frame-W - Silver, 46","Silver","46","2.85","W",NULL,"Components","Mountain Frames","199.3757","364.0900",NULL,NULL,"2014-02-08 10:01:36.827"
412,907,"Rear Brakes","Silver",NULL,"317.00",NULL,NULL,"Components","Brakes","47.2860","106.5000",NULL,NULL,"2014-02-08 10:01:36.827"
413,908,"LL Mountain Seat/Saddle",NULL,NULL,NULL,NULL,NULL,"Components","Saddles","12.0413","27.1200",NULL,NULL,"2014-02-08 10:01:36.827"
414,909,"ML Mountain Seat/Saddle",NULL,NULL,NULL,NULL,NULL,"Components","Saddles","17.3782","39.1400",NULL,NULL,"2014-02-08 10:01:36.827"
415,910,"HL Mountain Seat/Saddle",NULL,NULL,NULL,NULL,NULL,"Components","Saddles","23.3722","52.6400",NULL,NULL,"2014-02-08 10:01:36.827"
416,911,"LL Road Seat/Saddle",NULL,NULL,NULL,NULL,NULL,"Components","Saddles","12.0413","27.1200",NULL,NULL,"2014-02-08 10:01:36.827"
417,912,"ML Road Seat/Saddle",NULL,NULL,NULL,NULL,NULL,"Components","Saddles","17.3782","39.1400",NULL,NULL,"2014-02-08 10:01:36.827"
418,913,"HL Road Seat/Saddle",NULL,NULL,NULL,NULL,NULL,"Components","Saddles","23.3722","52.6400",NULL,NULL,"2014-02-08 10:01:36.827"
419,914,"LL Touring Seat/Saddle",NULL,NULL,NULL,NULL,NULL,"Components","Saddles","12.0413","27.1200",NULL,NULL,"2014-02-08 10:01:36.827"
420,915,"ML Touring Seat/Saddle",NULL,NULL,NULL,NULL,NULL,"Components","Saddles","17.3782","39.1400",NULL,NULL,"2014-02-08 10:01:36.827"
421,916,"HL Touring Seat/Saddle",NULL,NULL,NULL,NULL,NULL,"Components","Saddles","23.3722","52.6400",NULL,NULL,"2014-02-08 10:01:36.827"
422,917,"LL Mountain Frame - Silver, 42","Silver","42","2.92","U",NULL,"Components","Mountain Frames","144.5938","264.0500",NULL,NULL,"2014-02-08 10:01:36.827"
423,918,"LL Mountain Frame - Silver, 44","Silver","44","2.96","U",NULL,"Components","Mountain Frames","144.5938","264.0500",NULL,NULL,"2014-02-08 10:01:36.827"
424,919,"LL Mountain Frame - Silver, 48","Silver","48","3.00","U",NULL,"Components","Mountain Frames","144.5938","264.0500",NULL,NULL,"2014-02-08 10:01:36.827"
425,920,"LL Mountain Frame - Silver, 52","Silver","52","3.04","U",NULL,"Components","Mountain Frames","144.5938","264.0500",NULL,NULL,"2014-02-08 10:01:36.827"
426,921,"Mountain Tire Tube",NULL,NULL,NULL,NULL,NULL,"Accessories","Tires and Tubes","1.8663","4.9900",NULL,NULL,"2014-02-08 10:01:36.827"
427,922,"Road Tire Tube",NULL,NULL,NULL,NULL,NULL,"Accessories","Tires and Tubes","1.4923","3.9900",NULL,NULL,"2014-02-08 10:01:36.827"
428,923,"Touring Tire Tube",NULL,NULL,NULL,NULL,NULL,"Accessories","Tires and Tubes","1.8663","4.9900",NULL,NULL,"2014-02-08 10:01:36.827"
429,924,"LL Mountain Frame - Black, 42","Black","42","2.92","U",NULL,"Components","Mountain Frames","136.7850","249.7900",NULL,NULL,"2014-02-08 10:01:36.827"
430,925,"LL Mountain Frame - Black, 44","Black","44","2.96","U",NULL,"Components","Mountain Frames","136.7850","249.7900",NULL,NULL,"2014-02-08 10:01:36.827"
431,926,"LL Mountain Frame - Black, 48","Black","48","3.00","U",NULL,"Components","Mountain Frames","136.7850","249.7900",NULL,NULL,"2014-02-08 10:01:36.827"
432,927,"LL Mountain Frame - Black, 52","Black","52","3.04","U",NULL,"Components","Mountain Frames","136.7850","249.7900",NULL,NULL,"2014-02-08 10:01:36.827"
433,928,"LL Mountain Tire",NULL,NULL,NULL,NULL,NULL,"Accessories","Tires and Tubes","9.3463","24.9900",NULL,NULL,"2014-02-08 10:01:36.827"
434,929,"ML Mountain Tire",NULL,NULL,NULL,NULL,NULL,"Accessories","Tires and Tubes","11.2163","29.9900",NULL,NULL,"2014-02-08 10:01:36.827"
435,930,"HL Mountain Tire",NULL,NULL,NULL,NULL,NULL,"Accessories","Tires and Tubes","13.0900","35.0000",NULL,NULL,"2014-02-08 10:01:36.827"
436,931,"LL Road Tire",NULL,NULL,NULL,NULL,NULL,"Accessories","Tires and Tubes","8.0373","21.4900",NULL,NULL,"2014-02-08 10:01:36.827"
437,932,"ML Road Tire",NULL,NULL,NULL,NULL,NULL,"Accessories","Tires and Tubes","9.3463","24.9900",NULL,NULL,"2014-02-08 10:01:36.827"
438,933,"HL Road Tire",NULL,NULL,NULL,NULL,NULL,"Accessories","Tires and Tubes","12.1924","32.6000",NULL,NULL,"2014-02-08 10:01:36.827"
439,934,"Touring Tire",NULL,NULL,NULL,NULL,NULL,"Accessories","Tires and Tubes","10.8423","28.9900",NULL,NULL,"2014-02-08 10:01:36.827"
440,935,"LL Mountain Pedal","Silver/Black",NULL,"218.00",NULL,NULL,"Components","Pedals","17.9776","40.4900",NULL,NULL,"2014-02-08 10:01:36.827"
441,936,"ML Mountain Pedal","Silver/Black",NULL,"215.00",NULL,NULL,"Components","Pedals","27.5680","62.0900",NULL,NULL,"2014-02-08 10:01:36.827"
442,937,"HL Mountain Pedal","Silver/Black",NULL,"185.00",NULL,NULL,"Components","Pedals","35.9596","80.9900",NULL,NULL,"2014-02-08 10:01:36.827"
443,938,"LL Road Pedal","Silver/Black",NULL,"189.00",NULL,NULL,"Components","Pedals","17.9776","40.4900",NULL,NULL,"2014-02-08 10:01:36.827"
444,939,"ML Road Pedal","Silver/Black",NULL,"168.00",NULL,NULL,"Components","Pedals","27.5680","62.0900",NULL,NULL,"2014-02-08 10:01:36.827"
445,940,"HL Road Pedal","Silver/Black",NULL,"149.00",NULL,NULL,"Components","Pedals","35.9596","80.9900",NULL,NULL,"2014-02-08 10:03:55.51"
446,941,"Touring Pedal","Silver/Black",NULL,NULL,NULL,NULL,"Components","Pedals","35.9596","80.9900",NULL,NULL,"2014-02-08 10:01:36.827"
447,942,"ML Mountain Frame-W - Silver, 38","Silver","38","2.73","W",NULL,"Components","Mountain Frames","199.3757","364.0900",NULL,NULL,"2014-02-08 10:01:36.827"
448,943,"LL Mountain Frame - Black, 40","Black","40","2.88","U",NULL,"Components","Mountain Frames","136.7850","249.7900",NULL,NULL,"2014-02-08 10:01:36.827"
449,944,"LL Mountain Frame - Silver, 40","Silver","40","2.88","U",NULL,"Components","Mountain Frames","144.5938","264.0500",NULL,NULL,"2014-02-08 10:01:36.827"
450,945,"Front Derailleur","Silver",NULL,"88.00",NULL,NULL,"Components","Derailleurs","40.6216","91.4900",NULL,NULL,"2014-02-08 10:01:36.827"
451,946,"LL Touring Handlebars",NULL,NULL,NULL,NULL,NULL,"Components","Handlebars","20.4640","46.0900",NULL,NULL,"2014-02-08 10:01:36.827"
452,947,"HL Touring Handlebars",NULL,NULL,NULL,NULL,NULL,"Components","Handlebars","40.6571","91.5700",NULL,NULL,"2014-02-08 10:01:36.827"
453,948,"Front Brakes","Silver",NULL,"317.00",NULL,NULL,"Components","Brakes","47.2860","106.5000",NULL,NULL,"2014-02-08 10:01:36.827"
454,949,"LL Crankset","Black",NULL,"600.00",NULL,NULL,"Components","Cranksets","77.9176","175.4900",NULL,NULL,"2014-02-08 10:01:36.827"
455,950,"ML Crankset","Black",NULL,"635.00",NULL,NULL,"Components","Cranksets","113.8816","256.4900",NULL,NULL,"2014-02-08 10:01:36.827"
456,951,"HL Crankset","Black",NULL,"575.00",NULL,NULL,"Components","Cranksets","179.8156","404.9900",NULL,NULL,"2014-02-08 10:01:36.827"
457,952,"Chain","Silver",NULL,NULL,NULL,NULL,"Components","Chains","8.9866","20.2400",NULL,NULL,"2014-02-08 10:01:36.827"
458,953,"Touring-2000 Blue, 60","Blue","60","27.90","U","Touring-2000","Bikes","Touring Bikes","755.1508","1214.8500","1 year","5 years","2014-02-08 10:01:36.827"
459,954,"Touring-1000 Yellow, 46","Yellow","46","25.13","U","Touring-1000","Bikes","Touring Bikes","1481.9379","2384.0700","1 year","5 years","2014-02-08 10:01:36.827"
460,955,"Touring-1000 Yellow, 50","Yellow","50","25.42","U","Touring-1000","Bikes","Touring Bikes","1481.9379","2384.0700","1 year","5 years","2014-02-08 10:01:36.827"
461,956,"Touring-1000 Yellow, 54","Yellow","54","25.68","U","Touring-1000","Bikes","Touring Bikes","1481.9379","2384.0700","1 year","5 years","2014-02-08 10:01:36.827"
462,957,"Touring-1000 Yellow, 60","Yellow","60","25.90","U","Touring-1000","Bikes","Touring Bikes","1481.9379","2384.0700","1 year","5 years","2014-02-08 10:01:36.827"
463,958,"Touring-3000 Blue, 54","Blue","54","29.68","U",NULL,"Bikes","Touring Bikes","461.4448","742.3500",NULL,NULL,"2014-02-08 10:01:36.827"
464,959,"Touring-3000 Blue, 58","Blue","58","29.90","U",NULL,"Bikes","Touring Bikes","461.4448","742.3500",NULL,NULL,"2014-02-08 10:01:36.827"
465,960,"Touring-3000 Blue, 62","Blue","62","30.00","U",NULL,"Bikes","Touring Bikes","461.4448","742.3500",NULL,NULL,"2014-02-08 10:01:36.827"
466,961,"Touring-3000 Yellow, 44","Yellow","44","28.77","U",NULL,"Bikes","Touring Bikes","461.4448","742.3500",NULL,NULL,"2014-02-08 10:01:36.827"
467,962,"Touring-3000 Yellow, 50","Yellow","50","29.13","U",NULL,"Bikes","Touring Bikes","461.4448","742.3500",NULL,NULL,"2014-02-08 10:01:36.827"
468,963,"Touring-3000 Yellow, 54","Yellow","54","29.42","U",NULL,"Bikes","Touring Bikes","461.4448","742.3500",NULL,NULL,"2014-02-08 10:01:36.827"
469,964,"Touring-3000 Yellow, 58","Yellow","58","29.79","U",NULL,"Bikes","Touring Bikes","461.4448","742.3500",NULL,NULL,"2014-02-08 10:01:36.827"
470,965,"Touring-3000 Yellow, 62","Yellow","62","30.00","U",NULL,"Bikes","Touring Bikes","461.4448","742.3500",NULL,NULL,"2014-02-08 10:01:36.827"
471,966,"Touring-1000 Blue, 46","Blue","46","25.13","U","Touring-1000","Bikes","Touring Bikes","1481.9379","2384.0700","1 year","5 years","2014-02-08 10:01:36.827"
472,967,"Touring-1000 Blue, 50","Blue","50","25.42","U","Touring-1000","Bikes","Touring Bikes","1481.9379","2384.0700","1 year","5 years","2014-02-08 10:01:36.827"
473,968,"Touring-1000 Blue, 54","Blue","54","25.68","U","Touring-1000","Bikes","Touring Bikes","1481.9379","2384.0700","1 year","5 years","2014-02-08 10:01:36.827"
474,969,"Touring-1000 Blue, 60","Blue","60","25.90","U","Touring-1000","Bikes","Touring Bikes","1481.9379","2384.0700","1 year","5 years","2014-02-08 10:01:36.827"
475,970,"Touring-2000 Blue, 46","Blue","46","27.13","U","Touring-2000","Bikes","Touring Bikes","755.1508","1214.8500","1 year","5 years","2014-02-08 10:01:36.827"
476,971,"Touring-2000 Blue, 50","Blue","50","27.42","U","Touring-2000","Bikes","Touring Bikes","755.1508","1214.8500","1 year","5 years","2014-02-08 10:01:36.827"
477,972,"Touring-2000 Blue, 54","Blue","54","27.68","U","Touring-2000","Bikes","Touring Bikes","755.1508","1214.8500","1 year","5 years","2014-02-08 10:01:36.827"
478,973,"Road-350-W Yellow, 40","Yellow","40","15.35","W",NULL,"Bikes","Road Bikes","1082.5100","1700.9900",NULL,NULL,"2014-02-08 10:01:36.827"
479,974,"Road-350-W Yellow, 42","Yellow","42","15.77","W",NULL,"Bikes","Road Bikes","1082.5100","1700.9900",NULL,NULL,"2014-02-08 10:01:36.827"
480,975,"Road-350-W Yellow, 44","Yellow","44","16.13","W",NULL,"Bikes","Road Bikes","1082.5100","1700.9900",NULL,NULL,"2014-02-08 10:01:36.827"
481,976,"Road-350-W Yellow, 48","Yellow","48","16.42","W",NULL,"Bikes","Road Bikes","1082.5100","1700.9900",NULL,NULL,"2014-02-08 10:01:36.827"
482,977,"Road-750 Black, 58","Black","58","20.79","U",NULL,"Bikes","Road Bikes","343.6496","539.9900",NULL,NULL,"2014-02-08 10:01:36.827"
483,978,"Touring-3000 Blue, 44","Blue","44","28.77","U",NULL,"Bikes","Touring Bikes","461.4448","742.3500",NULL,NULL,"2014-02-08 10:01:36.827"
484,979,"Touring-3000 Blue, 50","Blue","50","29.13","U",NULL,"Bikes","Touring Bikes","461.4448","742.3500",NULL,NULL,"2014-02-08 10:01:36.827"
485,980,"Mountain-400-W Silver, 38","Silver","38","26.35","W",NULL,"Bikes","Mountain Bikes","419.7784","769.4900",NULL,NULL,"2014-02-08 10:01:36.827"
486,981,"Mountain-400-W Silver, 40","Silver","40","26.77","W",NULL,"Bikes","Mountain Bikes","419.7784","769.4900",NULL,NULL,"2014-02-08 10:01:36.827"
487,982,"Mountain-400-W Silver, 42","Silver","42","27.13","W",NULL,"Bikes","Mountain Bikes","419.7784","769.4900",NULL,NULL,"2014-02-08 10:01:36.827"
488,983,"Mountain-400-W Silver, 46","Silver","46","27.42","W",NULL,"Bikes","Mountain Bikes","419.7784","769.4900",NULL,NULL,"2014-02-08 10:01:36.827"
489,984,"Mountain-500 Silver, 40","Silver","40","27.35","U","Mountain-500","Bikes","Mountain Bikes","308.2179","564.9900","1 year","3 years","2014-02-08 10:01:36.827"
490,985,"Mountain-500 Silver, 42","Silver","42","27.77","U","Mountain-500","Bikes","Mountain Bikes","308.2179","564.9900","1 year","3 years","2014-02-08 10:01:36.827"
491,986,"Mountain-500 Silver, 44","Silver","44","28.13","U","Mountain-500","Bikes","Mountain Bikes","308.2179","564.9900","1 year","3 years","2014-02-08 10:01:36.827"
492,987,"Mountain-500 Silver, 48","Silver","48","28.42","U","Mountain-500","Bikes","Mountain Bikes","308.2179","564.9900","1 year","3 years","2014-02-08 10:01:36.827"
493,988,"Mountain-500 Silver, 52","Silver","52","28.68","U","Mountain-500","Bikes","Mountain Bikes","308.2179","564.9900","1 year","3 years","2014-02-08 10:01:36.827"
494,989,"Mountain-500 Black, 40","Black","40","27.35","U","Mountain-500","Bikes","Mountain Bikes","294.5797","539.9900","1 year","3 years","2014-02-08 10:01:36.827"
495,990,"Mountain-500 Black, 42","Black","42","27.77","U","Mountain-500","Bikes","Mountain Bikes","294.5797","539.9900","1 year","3 years","2014-02-08 10:01:36.827"
496,991,"Mountain-500 Black, 44","Black","44","28.13","U","Mountain-500","Bikes","Mountain Bikes","294.5797","539.9900","1 year","3 years","2014-02-08 10:01:36.827"
497,992,"Mountain-500 Black, 48","Black","48","28.42","U","Mountain-500","Bikes","Mountain Bikes","294.5797","539.9900","1 year","3 years","2014-02-08 10:01:36.827"
498,993,"Mountain-500 Black, 52","Black","52","28.68","U","Mountain-500","Bikes","Mountain Bikes","294.5797","539.9900","1 year","3 years","2014-02-08 10:01:36.827"
499,994,"LL Bottom Bracket",NULL,NULL,"223.00",NULL,NULL,"Components","Bottom Brackets","23.9716","53.9900",NULL,NULL,"2014-02-08 10:01:36.827"
500,995,"ML Bottom Bracket",NULL,NULL,"168.00",NULL,NULL,"Components","Bottom Brackets","44.9506","101.2400",NULL,NULL,"2014-02-08 10:01:36.827"
501,996,"HL Bottom Bracket",NULL,NULL,"170.00",NULL,NULL,"Components","Bottom Brackets","53.9416","121.4900",NULL,NULL,"2014-02-08 10:01:36.827"
502,997,"Road-750 Black, 44","Black","44","19.77","U",NULL,"Bikes","Road Bikes","343.6496","539.9900",NULL,NULL,"2014-02-08 10:01:36.827"
503,998,"Road-750 Black, 48","Black","48","20.13","U",NULL,"Bikes","Road Bikes","343.6496","539.9900",NULL,NULL,"2014-02-08 10:01:36.827"
504,999,"Road-750 Black, 52","Black","52","20.42","U",NULL,"Bikes","Road Bikes","343.6496","539.9900",NULL,NULL,"2014-02-08 10:01:36.827"
